dash_id,dash_display_name,dash_legal_name,ga_view,site_url
409,MMOGames - Blade,,,
408,MMOGames - Wallpaper,,,
406,MobileGames.com,,242740896,www.mobilegames.com
400,Portalstorm Stage,,,
339,MMOGames.com,,17762167,www.mmogames.com
327,Online-Games.com DE,,241842949,de.online-games.com
326,Online-Games.com DE - Wallpaper,,,
325,Online-Games.com EN,,241850012,en.online-games.com
324,Online-Games.com EN - Wallpaper,,,
323,Online-Games.com FR,,,
322,Online-Games.com FR - Wallpaper,,,
321,Online-Games.com PL,,,
320,Online-Games.com PL - Wallpaper,,,
307,Jouergratuitement.fr - Wallpaper,,,
306,Jouergratuitement.fr - BA,,,
305,Jouergratuitement.fr,,121807676,www.jouergratuitement.fr
300,Gioca-online.com - Wallpaper,,,
299,Gioca-online.com,,173422785,www.gioca-online.com
282,Browsergames.org - Wallpaper,,,
281,Browsergames.org - BA,,,
280,Browsergames.org,,39541027,www.browsergames.org
279,Browsergames-kostenlos.com - Wallpaper,,,
278,Browsergames-kostenlos.com,,100209122,www.browsergames-kostenlos.com
270,Poged DE - Wallpaper,,,
269,Poged FR - Wallpaper,,,
268,Poged PL,,175025831,www.poged.pl
267,Poged PL - Wallpaper,,,
266,Poged UK,,175037648,www.poged.uk
265,Poged UK - Wallpaper,,,
264,Poged US - Wallpaper,,,
263,Poged US,,175063455,www.poged.com
262,Poged DE,,175060831,www.poged.de
261,Poged FR,,175050123,www.poged.fr
206,super-jeux-fr,,,
198,Sat1Spiele.de,,67712824,www.sat1spiele.de
193,ProSiebenGames.de,,65144548,www.prosiebengames.de
144,gutegames.de,,,
123,Browsergames.pl,,,
122,Browsergames.es,,,
121,Browsergames.de,,141560655,www.browsergames.de
120,Browsergames.co.uk,,,
